sample_id,snr_db,label
0,10,0
1,10,0
2,10,0
3,10,0
4,10,0
5,10,0
6,10,0
7,10,0
8,10,0
9,10,0
10,10,0
11,10,0
12,10,0
13,10,0
14,10,0
15,10,0
16,10,0
17,10,0
18,10,0
19,10,0
20,10,0
21,10,0
22,10,0
23,10,0
24,10,0
25,10,0
26,10,0
27,10,0
28,10,0
29,10,0
30,10,0
31,10,0
32,10,0
33,10,0
34,10,0
35,10,0
36,10,0
37,10,0
38,10,0
39,10,0
40,10,0
41,10,0
42,10,0
43,10,0
44,10,0
45,10,0
46,10,0
47,10,0
48,10,0
49,10,0
50,10,0
51,10,0
52,10,0
53,10,0
54,10,0
55,10,0
56,10,0
57,10,0
58,10,0
59,10,0
60,10,0
61,10,0
62,10,0
63,10,0
64,10,0
65,10,0
66,10,0
67,10,0
68,10,0
69,10,0
70,10,0
71,10,0
72,10,0
73,10,0
74,10,0
75,10,0
76,10,0
77,10,0
78,10,0
79,10,0
80,10,0
81,10,0
82,10,0
83,10,0
84,10,0
85,10,0
86,10,0
87,10,0
88,10,0
89,10,0
90,10,0
91,10,0
92,10,0
93,10,0
94,10,0
95,10,0
96,10,0
97,10,0
98,10,0
99,10,0
100,10,1
101,10,1
102,10,1
103,10,1
104,10,1
105,10,1
106,10,1
107,10,1
108,10,1
109,10,1
110,10,1
111,10,1
112,10,1
113,10,1
114,10,1
115,10,1
116,10,1
117,10,1
118,10,1
119,10,1
120,10,1
121,10,1
122,10,1
123,10,1
124,10,1
125,10,1
126,10,1
127,10,1
128,10,1
129,10,1
130,10,1
131,10,1
132,10,1
133,10,1
134,10,1
135,10,1
136,10,1
137,10,1
138,10,1
139,10,1
140,10,1
141,10,1
142,10,1
143,10,1
144,10,1
145,10,1
146,10,1
147,10,1
148,10,1
149,10,1
150,10,1
151,10,1
152,10,1
153,10,1
154,10,1
155,10,1
156,10,1
157,10,1
158,10,1
159,10,1
160,10,1
161,10,1
162,10,1
163,10,1
164,10,1
165,10,1
166,10,1
167,10,1
168,10,1
169,10,1
170,10,1
171,10,1
172,10,1
173,10,1
174,10,1
175,10,1
176,10,1
177,10,1
178,10,1
179,10,1
180,10,1
181,10,1
182,10,1
183,10,1
184,10,1
185,10,1
186,10,1
187,10,1
188,10,1
189,10,1
190,10,1
191,10,1
192,10,1
193,10,1
194,10,1
195,10,1
196,10,1
197,10,1
198,10,1
199,10,1
200,5,0
201,5,0
202,5,0
203,5,0
204,5,0
205,5,0
206,5,0
207,5,0
208,5,0
209,5,0
210,5,0
211,5,0
212,5,0
213,5,0
214,5,0
215,5,0
216,5,0
217,5,0
218,5,0
219,5,0
220,5,0
221,5,0
222,5,0
223,5,0
224,5,0
225,5,0
226,5,0
227,5,0
228,5,0
229,5,0
230,5,0
231,5,0
232,5,0
233,5,0
234,5,0
235,5,0
236,5,0
237,5,0
238,5,0
239,5,0
240,5,0
241,5,0
242,5,0
243,5,0
244,5,0
245,5,0
246,5,0
247,5,0
248,5,0
249,5,0
250,5,0
251,5,0
252,5,0
253,5,0
254,5,0
255,5,0
256,5,0
257,5,0
258,5,0
259,5,0
260,5,0
261,5,0
262,5,0
263,5,0
264,5,0
265,5,0
266,5,0
267,5,0
268,5,0
269,5,0
270,5,0
271,5,0
272,5,0
273,5,0
274,5,0
275,5,0
276,5,0
277,5,0
278,5,0
279,5,0
280,5,0
281,5,0
282,5,0
283,5,0
284,5,0
285,5,0
286,5,0
287,5,0
288,5,0
289,5,0
290,5,0
291,5,0
292,5,0
293,5,0
294,5,0
295,5,0
296,5,0
297,5,0
298,5,0
299,5,0
300,5,1
301,5,1
302,5,1
303,5,1
304,5,1
305,5,1
306,5,1
307,5,1
308,5,1
309,5,1
310,5,1
311,5,1
312,5,1
313,5,1
314,5,1
315,5,1
316,5,1
317,5,1
318,5,1
319,5,1
320,5,1
321,5,1
322,5,1
323,5,1
324,5,1
325,5,1
326,5,1
327,5,1
328,5,1
329,5,1
330,5,1
331,5,1
332,5,1
333,5,1
334,5,1
335,5,1
336,5,1
337,5,1
338,5,1
339,5,1
340,5,1
341,5,1
342,5,1
343,5,1
344,5,1
345,5,1
346,5,1
347,5,1
348,5,1
349,5,1
350,5,1
351,5,1
352,5,1
353,5,1
354,5,1
355,5,1
356,5,1
357,5,1
358,5,1
359,5,1
360,5,1
361,5,1
362,5,1
363,5,1
364,5,1
365,5,1
366,5,1
367,5,1
368,5,1
369,5,1
370,5,1
371,5,1
372,5,1
373,5,1
374,5,1
375,5,1
376,5,1
377,5,1
378,5,1
379,5,1
380,5,1
381,5,1
382,5,1
383,5,1
384,5,1
385,5,1
386,5,1
387,5,1
388,5,1
389,5,1
390,5,1
391,5,1
392,5,1
393,5,1
394,5,1
395,5,1
396,5,1
397,5,1
398,5,1
399,5,1
400,0,0
401,0,0
402,0,0
403,0,0
404,0,0
405,0,0
406,0,0
407,0,0
408,0,0
409,0,0
410,0,0
411,0,0
412,0,0
413,0,0
414,0,0
415,0,0
416,0,0
417,0,0
418,0,0
419,0,0
420,0,0
421,0,0
422,0,0
423,0,0
424,0,0
425,0,0
426,0,0
427,0,0
428,0,0
429,0,0
430,0,0
431,0,0
432,0,0
433,0,0
434,0,0
435,0,0
436,0,0
437,0,0
438,0,0
439,0,0
440,0,0
441,0,0
442,0,0
443,0,0
444,0,0
445,0,0
446,0,0
447,0,0
448,0,0
449,0,0
450,0,0
451,0,0
452,0,0
453,0,0
454,0,0
455,0,0
456,0,0
457,0,0
458,0,0
459,0,0
460,0,0
461,0,0
462,0,0
463,0,0
464,0,0
465,0,0
466,0,0
467,0,0
468,0,0
469,0,0
470,0,0
471,0,0
472,0,0
473,0,0
474,0,0
475,0,0
476,0,0
477,0,0
478,0,0
479,0,0
480,0,0
481,0,0
482,0,0
483,0,0
484,0,0
485,0,0
486,0,0
487,0,0
488,0,0
489,0,0
490,0,0
491,0,0
492,0,0
493,0,0
494,0,0
495,0,0
496,0,0
497,0,0
498,0,0
499,0,0
500,0,1
501,0,1
502,0,1
503,0,1
504,0,1
505,0,1
506,0,1
507,0,1
508,0,1
509,0,1
510,0,1
511,0,1
512,0,1
513,0,1
514,0,1
515,0,1
516,0,1
517,0,1
518,0,1
519,0,1
520,0,1
521,0,1
522,0,1
523,0,1
524,0,1
525,0,1
526,0,1
527,0,1
528,0,1
529,0,1
530,0,1
531,0,1
532,0,1
533,0,1
534,0,1
535,0,1
536,0,1
537,0,1
538,0,1
539,0,1
540,0,1
541,0,1
542,0,1
543,0,1
544,0,1
545,0,1
546,0,1
547,0,1
548,0,1
549,0,1
550,0,1
551,0,1
552,0,1
553,0,1
554,0,1
555,0,1
556,0,1
557,0,1
558,0,1
559,0,1
560,0,1
561,0,1
562,0,1
563,0,1
564,0,1
565,0,1
566,0,1
567,0,1
568,0,1
569,0,1
570,0,1
571,0,1
572,0,1
573,0,1
574,0,1
575,0,1
576,0,1
577,0,1
578,0,1
579,0,1
580,0,1
581,0,1
582,0,1
583,0,1
584,0,1
585,0,1
586,0,1
587,0,1
588,0,1
589,0,1
590,0,1
591,0,1
592,0,1
593,0,1
594,0,1
595,0,1
596,0,1
597,0,1
598,0,1
599,0,1
600,-5,0
601,-5,0
602,-5,0
603,-5,0
604,-5,0
605,-5,0
606,-5,0
607,-5,0
608,-5,0
609,-5,0
610,-5,0
611,-5,0
612,-5,0
613,-5,0
614,-5,0
615,-5,0
616,-5,0
617,-5,0
618,-5,0
619,-5,0
620,-5,0
621,-5,0
622,-5,0
623,-5,0
624,-5,0
625,-5,0
626,-5,0
627,-5,0
628,-5,0
629,-5,0
630,-5,0
631,-5,0
632,-5,0
633,-5,0
634,-5,0
635,-5,0
636,-5,0
637,-5,0
638,-5,0
639,-5,0
640,-5,0
641,-5,0
642,-5,0
643,-5,0
644,-5,0
645,-5,0
646,-5,0
647,-5,0
648,-5,0
649,-5,0
650,-5,0
651,-5,0
652,-5,0
653,-5,0
654,-5,0
655,-5,0
656,-5,0
657,-5,0
658,-5,0
659,-5,0
660,-5,0
661,-5,0
662,-5,0
663,-5,0
664,-5,0
665,-5,0
666,-5,0
667,-5,0
668,-5,0
669,-5,0
670,-5,0
671,-5,0
672,-5,0
673,-5,0
674,-5,0
675,-5,0
676,-5,0
677,-5,0
678,-5,0
679,-5,0
680,-5,0
681,-5,0
682,-5,0
683,-5,0
684,-5,0
685,-5,0
686,-5,0
687,-5,0
688,-5,0
689,-5,0
690,-5,0
691,-5,0
692,-5,0
693,-5,0
694,-5,0
695,-5,0
696,-5,0
697,-5,0
698,-5,0
699,-5,0
700,-5,1
701,-5,1
702,-5,1
703,-5,1
704,-5,1
705,-5,1
706,-5,1
707,-5,1
708,-5,1
709,-5,1
710,-5,1
711,-5,1
712,-5,1
713,-5,1
714,-5,1
715,-5,1
716,-5,1
717,-5,1
718,-5,1
719,-5,1
720,-5,1
721,-5,1
722,-5,1
723,-5,1
724,-5,1
725,-5,1
726,-5,1
727,-5,1
728,-5,1
729,-5,1
730,-5,1
731,-5,1
732,-5,1
733,-5,1
734,-5,1
735,-5,1
736,-5,1
737,-5,1
738,-5,1
739,-5,1
740,-5,1
741,-5,1
742,-5,1
743,-5,1
744,-5,1
745,-5,1
746,-5,1
747,-5,1
748,-5,1
749,-5,1
750,-5,1
751,-5,1
752,-5,1
753,-5,1
754,-5,1
755,-5,1
756,-5,1
757,-5,1
758,-5,1
759,-5,1
760,-5,1
761,-5,1
762,-5,1
763,-5,1
764,-5,1
765,-5,1
766,-5,1
767,-5,1
768,-5,1
769,-5,1
770,-5,1
771,-5,1
772,-5,1
773,-5,1
774,-5,1
775,-5,1
776,-5,1
777,-5,1
778,-5,1
779,-5,1
780,-5,1
781,-5,1
782,-5,1
783,-5,1
784,-5,1
785,-5,1
786,-5,1
787,-5,1
788,-5,1
789,-5,1
790,-5,1
791,-5,1
792,-5,1
793,-5,1
794,-5,1
795,-5,1
796,-5,1
797,-5,1
798,-5,1
799,-5,1
800,-10,0
801,-10,0
802,-10,0
803,-10,0
804,-10,0
805,-10,0
806,-10,0
807,-10,0
808,-10,0
809,-10,0
810,-10,0
811,-10,0
812,-10,0
813,-10,0
814,-10,0
815,-10,0
816,-10,0
817,-10,0
818,-10,0
819,-10,0
820,-10,0
821,-10,0
822,-10,0
823,-10,0
824,-10,0
825,-10,0
826,-10,0
827,-10,0
828,-10,0
829,-10,0
830,-10,0
831,-10,0
832,-10,0
833,-10,0
834,-10,0
835,-10,0
836,-10,0
837,-10,0
838,-10,0
839,-10,0
840,-10,0
841,-10,0
842,-10,0
843,-10,0
844,-10,0
845,-10,0
846,-10,0
847,-10,0
848,-10,0
849,-10,0
850,-10,0
851,-10,0
852,-10,0
853,-10,0
854,-10,0
855,-10,0
856,-10,0
857,-10,0
858,-10,0
859,-10,0
860,-10,0
861,-10,0
862,-10,0
863,-10,0
864,-10,0
865,-10,0
866,-10,0
867,-10,0
868,-10,0
869,-10,0
870,-10,0
871,-10,0
872,-10,0
873,-10,0
874,-10,0
875,-10,0
876,-10,0
877,-10,0
878,-10,0
879,-10,0
880,-10,0
881,-10,0
882,-10,0
883,-10,0
884,-10,0
885,-10,0
886,-10,0
887,-10,0
888,-10,0
889,-10,0
890,-10,0
891,-10,0
892,-10,0
893,-10,0
894,-10,0
895,-10,0
896,-10,0
897,-10,0
898,-10,0
899,-10,0
900,-10,1
901,-10,1
902,-10,1
903,-10,1
904,-10,1
905,-10,1
906,-10,1
907,-10,1
908,-10,1
909,-10,1
910,-10,1
911,-10,1
912,-10,1
913,-10,1
914,-10,1
915,-10,1
916,-10,1
917,-10,1
918,-10,1
919,-10,1
920,-10,1
921,-10,1
922,-10,1
923,-10,1
924,-10,1
925,-10,1
926,-10,1
927,-10,1
928,-10,1
929,-10,1
930,-10,1
931,-10,1
932,-10,1
933,-10,1
934,-10,1
935,-10,1
936,-10,1
937,-10,1
938,-10,1
939,-10,1
940,-10,1
941,-10,1
942,-10,1
943,-10,1
944,-10,1
945,-10,1
946,-10,1
947,-10,1
948,-10,1
949,-10,1
950,-10,1
951,-10,1
952,-10,1
953,-10,1
954,-10,1
955,-10,1
956,-10,1
957,-10,1
958,-10,1
959,-10,1
960,-10,1
961,-10,1
962,-10,1
963,-10,1
964,-10,1
965,-10,1
966,-10,1
967,-10,1
968,-10,1
969,-10,1
970,-10,1
971,-10,1
972,-10,1
973,-10,1
974,-10,1
975,-10,1
976,-10,1
977,-10,1
978,-10,1
979,-10,1
980,-10,1
981,-10,1
982,-10,1
983,-10,1
984,-10,1
985,-10,1
986,-10,1
987,-10,1
988,-10,1
989,-10,1
990,-10,1
991,-10,1
992,-10,1
993,-10,1
994,-10,1
995,-10,1
996,-10,1
997,-10,1
998,-10,1
999,-10,1
